[
    {
        "id": 1,
        "nome": "Rex",
        "idade": 2,
        "porte": "Pequeno",
        "sexo": "Macho",
        "descrição": "Pet amável para adoção.",
        "imagem": "images/pet1.jpg"
      
    },
    {
        "id": 2,
        "nome": "Nina",
        "idade": 3,
        "porte": "Médio",
        "sexo": "Fêmea",
        "descrição": "Linda e amável.",
        "imagem": "images/pet2.jpg"
      
    },
    {
        "id": 3,
        "nome": "Duke",
        "idade": 10,
        "porte": "Grande"  ,
        "sexo": "Macho",
        "descrição": "Lindo e amável.",
        "imagem": "images/pet3.jpg"
        
      },{
        "id": 4,
        "nome": "Luna",
        "idade": 5,
        "sexo": "Fêmea",
        "porte": "Pequeno",
        "descrição": "Cadelinha de personalidade muito dócil, sociável e muito brincalhona. Gosta muito de crianças e é sociável com outros cães.",
        "imagem": "images/pet1.jpg"
        
      },{
        "id": 5,
        "nome": "Zeus",
        "idade": 1,
        "sexo": "Macho",
        "porte": "Médio",
        "descrição": "Bill foi adotado com 2 meses de vida e devolvido após 10 meses. Eles não tinham tempo para passear com ele.",
        "imagem": "images/pet2.jpg"
        
      },{
        "id": 6,
        "nome": "Penélope",
        "idade": 6,
        "sexo": "Fêmea",
        "porte": "Grande",
        "descrição": "Pensem numa cachorrinha carinhosa, que adora brincar o tempo todo. Bella esta ansiosa esperando uma família.",
        "imagem": "images/pet3.jpg"
        
      }
  ]