[
    {
        "id": 101,
        "nome": "Simba",
        "idade": "2 meses",
        "fase": "Filhote",
        "sexo": "Macho",
        "descrição": "Pet amável para adoção.",
        "imagem": "images/gatinho1.jpg"
      
    },
    {
        "id": 102,
        "nome": "Amora",
        "idade": "3 anos",
        "fase": "Jovem",
        "sexo": "Fêmea",
        "descrição": "Linda e amável.",
        "imagem": "images/gatinho2.jpg"
      
    },
    {
        "id": 103,
        "nome": "Tom",
        "idade": "10 anos",
        "fase": "Adulto"  ,
        "sexo": "Macho",
        "descrição": "Lindo e amável.",
        "imagem": "images/gatinho1.jpg"
        
      },{
        "id": 104,
        "nome": "Pantera",
        "idade": "5 meses",
        "sexo": "Fêmea",
        "fase": "Filhote",
        "descrição": "Cadelinha de personalidade muito dócil, sociável e muito brincalhona. Gosta muito de crianças e é sociável com outros cães.",
        "imagem": "images/gatinho2.jpg"
        
      },{
        "id": 105,
        "nome": "Babidi",
        "idade": "1 ano",
        "sexo": "Macho",
        "fase": "Jovem",
        "descrição": "Bill foi adotado com 2 meses de vida e devolvido após 10 meses. Eles não tinham tempo para passear com ele.",
        "imagem": "images/gatinho1.jpg"
        
      },{
        "id": 106,
        "nome": "Alex",
        "idade": "6 anos",
        "sexo": "Macho",
        "fase": "Adulto",
        "descrição": "Pensem numa cachorrinha carinhosa, que adora brincar o tempo todo. Bella esta ansiosa esperando uma família.",
        "imagem": "images/gatinho2.jpg"
        
      }
  ]